{
    "Accuracy": 0.9992970370110014,
    "Precision": 0.8875,
    "Recall": 0.696078431372549,
    "F1-score": 0.7802197802197802,
    "True Positives": 71.0,
    "False Positives": 9.0
}