{
    "Accuracy": 0.9489795918367347,
    "Precision": 1.0,
    "Recall": 0.900990099009901,
    "F1-score": 0.9479166666666666,
    "True Positives": 91.0,
    "False Positives": 0.0
}