{
    "Accuracy": 0.9990861481143017,
    "Precision": 0.75,
    "Recall": 0.7352941176470589,
    "F1-score": 0.7425742574257426,
    "True Positives": 75.0,
    "False Positives": 25.0
}