{
    "Accuracy": 0.9984902215512096,
    "Precision": 0.5384615384615384,
    "Recall": 0.7938144329896907,
    "F1-score": 0.6416666666666667,
    "True Positives": 77.0,
    "False Positives": 66.0
}