{
    "Accuracy": 0.9987170925450775,
    "Precision": 0.6260869565217392,
    "Recall": 0.7058823529411765,
    "F1-score": 0.663594470046083,
    "True Positives": 72.0,
    "False Positives": 43.0
}