{
    "Accuracy": 0.9975220554637798,
    "Precision": 0.4,
    "Recall": 0.7647058823529411,
    "F1-score": 0.5252525252525253,
    "True Positives": 78.0,
    "False Positives": 117.0
}