{
    "Accuracy": 0.9991924440855307,
    "Precision": 0.7628865979381443,
    "Recall": 0.7628865979381443,
    "F1-score": 0.7628865979381443,
    "True Positives": 74.0,
    "False Positives": 23.0
}